1,google.com
2,facebook.com
3,youtube.com
4,yahoo.com
5,baidu.com
6,wikipedia.org
7,qq.com
8,taobao.com
9,twitter.com
10,amazon.com
11,linkedin.com
12,live.com
13,google.co.in
14,sina.com.cn
15,hao123.com
16,blogspot.com
17,weibo.com
18,tmall.com
19,vk.com
20,wordpress.com
21,yahoo.co.jp
22,sohu.com
23,yandex.ru
24,ebay.com
25,google.de
26,bing.com
27,pinterest.com
28,google.co.uk
29,163.com
30,360.cn
31,google.fr
32,ask.com
33,instagram.com
34,google.co.jp
35,tumblr.com
36,msn.com
37,google.com.br
38,mail.ru
39,microsoft.com
40,xvideos.com
41,paypal.com
42,google.ru
43,soso.com
44,adcash.com
45,google.es
46,google.it
47,imdb.com
48,apple.com
49,imgur.com
50,neobux.com
51,craigslist.org
52,amazon.co.jp
53,t.co
54,xhamster.com
55,stackoverflow.com
56,reddit.com
57,google.com.mx
58,google.com.hk
59,cnn.com
60,google.ca
61,fc2.com
62,go.com
63,ifeng.com
64,bbc.co.uk
65,vube.com
66,people.com.cn
67,blogger.com
68,aliexpress.com
69,odnoklassniki.ru
70,wordpress.org
71,alibaba.com
72,gmw.cn
73,adobe.com
74,huffingtonpost.com
75,google.com.tr
76,xinhuanet.com
77,googleusercontent.com
78,youku.com
79,godaddy.com
80,pornhub.com
81,akamaihd.net
82,thepiratebay.se
83,kickass.to
84,google.com.au
85,amazon.de
86,clkmon.com
87,ebay.de
88,alipay.com
89,google.pl
90,espn.go.com
91,dailymotion.com
92,about.com
93,bp.blogspot.com
94,blogspot.in
95,netflix.com
96,vimeo.com
97,dailymail.co.uk
98,redtube.com
99,rakuten.co.jp
100,conduit.com